<?xml version="1.0" encoding="UTF-8"?>
    <addon id="repository.pandoras" name="Pandoras Repo" version="1.0.1" provider-name="Pansolo1">
        <requires>
            <import addon="xbmc.addon" version="12.0.0"/>
        </requires>
        <extension point="xbmc.addon.repository" name="Pandoras Repo">
            <info compressed="false">https://raw.github.com/pansbox/Pandoras-Box/master/_repo/addons.xml</info>
            <checksum>https://raw.github/pansbox/Pandoras-Box/master/_repo/addons.xml.md5</checksum>
            <datadir zip="true">https://raw.github.com/pansbox/Pandoras-Box/master/_repo/</datadir>
            <hashes>false</hashes>
        </extension>
        <extension point="xbmc.addon.metadata">
            <summary>Pandoras Amazing box</summary>
            <description>Pandoras Repo made by origins</description>
            <platform>all</platform>
    </extension>
</addon>